{"cameraMode":{"drawMode":0,"name":"Shaded","section":"Shading Mode"},"sceneLighting":true,"audioPlay":false,"sceneViewState":{"showFog":true,"showMaterialUpdate":false,"showSkybox":true,"showFlares":true,"showImageEffects":true,"showParticleSystems":true,"showVisualEffectGraphs":true,"m_FxEnabled":true},"in2DMode":false,"pivot":{"x":240.40589904785157,"y":183.07260131835938,"z":1.541534423828125},"rotation":{"x":-0.022789115086197854,"y":-0.03956790268421173,"z":0.0009050944936461747,"w":-0.9989655613899231},"size":176.8267364501953,"orthographic":false}