{"cameraMode":{"drawMode":0,"name":"Shaded","section":"Shading Mode"},"sceneLighting":true,"audioPlay":false,"sceneViewState":{"showFog":true,"showMaterialUpdate":false,"showSkybox":true,"showFlares":true,"showImageEffects":true,"showParticleSystems":true},"in2DMode":false,"pivot":{"x":472.64996337890627,"y":264.0892028808594,"z":52.173675537109378},"rotation":{"x":-0.09912586212158203,"y":-0.02030104398727417,"z":0.002022629138082266,"w":-0.9948657751083374},"size":518.8540649414063,"orthographic":false}